{
  "config": {
    "nome": "Espaço Saúde Integral",
    "cores": { "primaria": "#10b981", "secundaria": "#059669" }
  },
  "menu": [
    { "text": "Início", "href": "#home" },
    { "text": "Serviços", "href": "#servicos" },
    { "text": "Diferenciais", "href": "#diferenciais" },
    { "text": "Contato", "href": "#contato" }
  ],
  "pages": {
    "home": {
      "titulo": "Saúde com Tecnologia e Humanização",
      "descricao": "Centro médico completo com telemedicina, exames laboratoriais e atendimento de excelência."
    },
    "servicos": {
      "titulo": "Nossos Serviços",
      "itens": [
        { "nome": "Consultas Presenciais", "descricao": "Atendimento com hora marcada, sem espera. Todas as especialidades." },
        { "nome": "Telemedicina", "descricao": "Consultas online por vídeo com médicos especialistas." },
        { "nome": "Exames Laboratoriais", "descricao": "Laboratório próprio com resultados em até 24 horas." },
        { "nome": "Check-up Completo", "descricao": "Avaliação médica completa com todos os exames necessários." },
        { "nome": "Medicina Preventiva", "descricao": "Programas de prevenção e acompanhamento de saúde." },
        { "nome": "Vacinação", "descricao": "Vacinas para todas as idades, incluindo covid-19 e gripe." }
      ]
    },
    "contato": {
      "titulo": "Agende Sua Consulta Online",
      "descricao": "Rápido, fácil e sem burocracia. Confirmação imediata por WhatsApp."
    }
  },
  "whatsapp": { "numero": "5551999999999", "mensagem": "Olá! Quero agendar uma consulta." }
}
